SMA12_1;SMA12_2;PARAM12_1;PARAM12_2;PARAM12_3;PARAM12_4;SMA4_1;SMA4_2;SMA4_3;SMA4_4;PARAM4_1;PARAM4_2;Profit;Loss deals;Profit deals;Maximum loss in profit deals
3.0;6.0;0.4;0.4;400.0;500.0;9.0;10.0;3.0;4.0;-1000000.0;100000.0;108.20015375034016;449.0;370.0;-6.86877794832614
3.0;6.0;0.4;0.4;400.0;500.0;9.0;10.0;3.0;6.0;-1000000.0;100000.0;84.04501476227819;525.0;527.0;-4.937303613221951
3.0;6.0;0.4;0.4;400.0;500.0;9.0;10.0;3.0;8.0;-1000000.0;100000.0;-59.61418037657472;577.0;571.0;-4.937303613221951
3.0;6.0;0.4;0.4;400.0;500.0;9.0;10.0;3.0;10.0;-1000000.0;100000.0;-46.33690486152076;513.0;559.0;-4.954629288085584
3.0;6.0;0.4;0.4;400.0;500.0;9.0;10.0;3.0;12.0;-1000000.0;100000.0;-76.15225041192423;440.0;521.0;-11.952385054583223
3.0;6.0;0.4;0.4;400.0;500.0;9.0;10.0;3.0;14.0;-1000000.0;100000.0;-51.615882643229995;447.0;567.0;-6.86877794832614
3.0;6.0;0.4;0.4;400.0;500.0;9.0;10.0;3.0;16.0;-1000000.0;100000.0;-49.82287514547879;410.0;525.0;-6.86877794832614
