SMA12_1;SMA12_2;PARAM12_1;PARAM12_2;PARAM12_3;PARAM12_4;SMA4_1;SMA4_2;SMA4_3;SMA4_4;PARAM4_1;PARAM4_2;Profit;Loss deals;Profit deals;Maximum loss in profit deals
3.0;6.0;0.4;0.4;400.0;500.0;3.0;21.0;12.0;15.0;3100000.0;-1000000.0;230.75056895071356;287.0;537.0;-11.823576041444706
3.0;6.0;0.4;0.4;400.0;500.0;3.0;21.0;12.0;15.0;3100000.0;-1500000.0;247.11018605989216;284.0;555.0;-11.823576041444706
3.0;6.0;0.4;0.4;400.0;500.0;3.0;21.0;12.0;15.0;3100000.0;-2000000.0;231.55057856453868;286.0;553.0;-11.823576041444706
3.0;6.0;0.4;0.4;400.0;500.0;3.0;21.0;12.0;15.0;3100000.0;-2500000.0;224.6131994531852;282.0;553.0;-12.808219178082192
3.0;6.0;0.4;0.4;400.0;500.0;3.0;21.0;12.0;15.0;3100000.0;-3000000.0;276.5403987249523;286.0;569.0;-12.808219178082192
