SMA12_1;SMA12_2;PARAM12_1;PARAM12_2;PARAM12_3;PARAM12_4;SMA4_1;SMA4_2;SMA4_3;SMA4_4;PARAM4_1;PARAM4_2;Profit;Loss deals;Profit deals;Maximum loss in profit deals
3.0;6.0;0.4;0.4;400.0;500.0;3.0;21.0;15.0;16.0;500000.0;-1000000.0;239.33998747282706;282.0;645.0;-11.823576041444706
3.0;6.0;0.4;0.4;400.0;500.0;3.0;21.0;15.0;16.0;500000.0;-1500000.0;254.80294797485757;282.0;650.0;-11.823576041444706
3.0;6.0;0.4;0.4;400.0;500.0;3.0;21.0;15.0;16.0;500000.0;-2000000.0;277.2479641701933;282.0;656.0;-11.823576041444706
3.0;6.0;0.4;0.4;400.0;500.0;3.0;21.0;15.0;16.0;500000.0;-2500000.0;277.9684053849814;286.0;694.0;-12.808219178082192
3.0;6.0;0.4;0.4;400.0;500.0;3.0;21.0;15.0;16.0;500000.0;-3000000.0;292.08549857701206;278.0;730.0;-12.808219178082192
3.0;6.0;0.4;0.4;400.0;500.0;3.0;21.0;15.0;16.0;500000.0;-3500000.0;266.42303750311993;289.0;732.0;-12.808219178082192
