SMA12_1;SMA12_2;PARAM12_1;PARAM12_2;PARAM12_3;PARAM12_4;SMA4_1;SMA4_2;SMA4_3;SMA4_4;PARAM4_1;PARAM4_2;Profit;Loss deals;Profit deals;Maximum loss in profit deals
3.0;6.0;0.4;0.4;400.0;500.0;3.0;4.0;3.0;4.0;-1000000.0;100000.0;-121.83674459866506;401.0;452.0;-6.86877794832614
3.0;6.0;0.4;0.4;400.0;500.0;3.0;4.0;3.0;6.0;-1000000.0;100000.0;-128.7214271413433;535.0;596.0;-4.288025889967638
3.0;6.0;0.4;0.4;400.0;500.0;3.0;4.0;3.0;8.0;-1000000.0;100000.0;-204.9678617033788;552.0;538.0;-5.5886947034587475
3.0;6.0;0.4;0.4;400.0;500.0;3.0;4.0;3.0;10.0;-1000000.0;100000.0;-172.82218199473346;505.0;482.0;-5.5886947034587475
3.0;6.0;0.4;0.4;400.0;500.0;3.0;4.0;3.0;12.0;-1000000.0;100000.0;-120.2575289869759;448.0;434.0;-11.952385054583223
