SMA12_1;SMA12_2;PARAM12_1;PARAM12_2;PARAM12_3;PARAM12_4;SMA4_1;SMA4_2;SMA4_3;SMA4_4;PARAM4_1;PARAM4_2;Profit;Loss deals;Profit deals;Maximum loss in profit deals
3.0;6.0;0.4;0.4;400.0;500.0;9.0;10.0;3.0;4.0;-1000000.0;100000.0;108.20015375034016;449.0;370.0;-6.86877794832614
3.0;6.0;0.4;0.4;400.0;500.0;9.0;10.0;3.0;6.0;-1000000.0;100000.0;84.04501476227819;525.0;527.0;-4.937303613221951
