SMA12_1;SMA12_2;PARAM12_1;PARAM12_2;PARAM12_3;PARAM12_4;SMA4_1;SMA4_2;SMA4_3;SMA4_4;PARAM4_1;PARAM4_2;Profit;Loss deals;Profit deals;Maximum loss in profit deals
3.0;6.0;0.4;0.4;400.0;500.0;3.0;21.0;6.0;7.0;2100000.0;-14000000.0;178.69296554667153;225.0;503.0;-14.907404878315255
3.0;6.0;0.4;0.4;400.0;500.0;3.0;21.0;6.0;7.0;2100000.0;-14500000.0;178.69296554667153;225.0;503.0;-14.907404878315255
