SMA12_1;SMA12_2;PARAM12_1;PARAM12_2;PARAM12_3;PARAM12_4;SMA4_1;SMA4_2;SMA4_3;SMA4_4;PARAM4_1;PARAM4_2;Profit;Loss deals;Profit deals;Maximum loss in profit deals
3.0;6.0;0.4;0.4;400.0;500.0;5.0;18.0;17.0;22.0;-200000.0;50000.0;100.99145121520456;217.0;417.0;-5.298248831178433
3.0;6.0;0.4;0.4;400.0;500.0;5.0;18.0;17.0;22.0;-200000.0;100000.0;101.10192673931576;217.0;417.0;-5.298248831178433
3.0;6.0;0.4;0.4;400.0;500.0;5.0;18.0;17.0;22.0;-200000.0;150000.0;101.10192673931576;217.0;417.0;-5.298248831178433
3.0;6.0;0.4;0.4;400.0;500.0;5.0;18.0;17.0;22.0;-200000.0;200000.0;101.10192673931576;217.0;417.0;-5.298248831178433
3.0;6.0;0.4;0.4;400.0;500.0;5.0;18.0;17.0;22.0;-200000.0;250000.0;101.10192673931576;217.0;417.0;-5.298248831178433
3.0;6.0;0.4;0.4;400.0;500.0;5.0;18.0;17.0;22.0;-200000.0;300000.0;101.36270775776913;216.0;418.0;-5.298248831178433
3.0;6.0;0.4;0.4;400.0;500.0;5.0;18.0;17.0;22.0;-200000.0;350000.0;101.39896573534602;216.0;418.0;-5.298248831178433
