SMA12_1;SMA12_2;PARAM12_1;PARAM12_2;PARAM12_3;PARAM12_4;SMA4_1;SMA4_2;SMA4_3;SMA4_4;PARAM4_1;PARAM4_2;Profit;Loss deals;Profit deals;Maximum loss in profit deals
3.0;6.0;0.4;0.4;400.0;500.0;3.0;21.0;15.0;18.0;3000000.0;-6000000.0;312.5489707444641;291.0;691.0;-12.808219178082192
3.0;6.0;0.4;0.4;400.0;500.0;3.0;21.0;15.0;18.0;3000000.0;-6500000.0;310.87283607576524;284.0;692.0;-14.607513015236188
3.0;6.0;0.4;0.4;400.0;500.0;3.0;21.0;15.0;18.0;3000000.0;-7000000.0;291.0624603386939;291.0;688.0;-14.607513015236188
3.0;6.0;0.4;0.4;400.0;500.0;3.0;21.0;15.0;18.0;3000000.0;-7500000.0;296.43528679623824;300.0;695.0;-14.607513015236188
