SMA12_1;SMA12_2;PARAM12_1;PARAM12_2;PARAM12_3;PARAM12_4;SMA4_1;SMA4_2;SMA4_3;SMA4_4;PARAM4_1;PARAM4_2;Profit;Loss deals;Profit deals;Maximum loss in profit deals
3.0;6.0;0.4;0.4;400.0;500.0;3.0;22.0;17.0;22.0;-200000.0;50000.0;107.49397222960084;232.0;402.0;-5.298248831178433
3.0;6.0;0.4;0.4;400.0;500.0;3.0;22.0;17.0;22.0;-200000.0;100000.0;107.49397222960084;232.0;402.0;-5.298248831178433
3.0;6.0;0.4;0.4;400.0;500.0;3.0;22.0;17.0;22.0;-200000.0;150000.0;107.49397222960084;232.0;402.0;-5.298248831178433
3.0;6.0;0.4;0.4;400.0;500.0;3.0;22.0;17.0;22.0;-200000.0;200000.0;103.04529969708356;234.0;400.0;-5.298248831178433
3.0;6.0;0.4;0.4;400.0;500.0;3.0;22.0;17.0;22.0;-200000.0;250000.0;103.04529969708356;234.0;400.0;-5.298248831178433
