SMA12_1;SMA12_2;PARAM12_1;PARAM12_2;PARAM12_3;PARAM12_4;SMA4_1;SMA4_2;SMA4_3;SMA4_4;PARAM4_1;PARAM4_2;Profit;Loss deals;Profit deals;Maximum loss in profit deals
3.0;6.0;0.4;0.4;400.0;500.0;3.0;21.0;3.0;4.0;500000.0;-1000000.0;57.34094887110949;286.0;443.0;-11.823576041444706
3.0;6.0;0.4;0.4;400.0;500.0;3.0;21.0;3.0;4.0;500000.0;-1500000.0;59.795708393971445;286.0;443.0;-11.823576041444706
3.0;6.0;0.4;0.4;400.0;500.0;3.0;21.0;3.0;4.0;500000.0;-2000000.0;43.21901403921053;281.0;453.0;-11.823576041444706
3.0;6.0;0.4;0.4;400.0;500.0;3.0;21.0;3.0;4.0;500000.0;-2500000.0;46.61198934849572;269.0;465.0;-11.823576041444706
3.0;6.0;0.4;0.4;400.0;500.0;3.0;21.0;3.0;4.0;500000.0;-3000000.0;54.690354861580424;266.0;477.0;-11.823576041444706
3.0;6.0;0.4;0.4;400.0;500.0;3.0;21.0;3.0;4.0;500000.0;-3500000.0;45.697536942817244;269.0;476.0;-11.823576041444706
3.0;6.0;0.4;0.4;400.0;500.0;3.0;21.0;3.0;4.0;500000.0;-4000000.0;34.233302665255316;265.0;467.0;-11.823576041444706
3.0;6.0;0.4;0.4;400.0;500.0;3.0;21.0;3.0;4.0;500000.0;-4500000.0;28.63501017923295;265.0;466.0;-11.823576041444706
