SMA12_1;SMA12_2;PARAM12_1;PARAM12_2;PARAM12_3;PARAM12_4;SMA4_1;SMA4_2;SMA4_3;SMA4_4;PARAM4_1;PARAM4_2;Profit;Loss deals;Profit deals;Maximum loss in profit deals
3.0;6.0;0.4;0.4;400.0;500.0;3.0;21.0;6.0;9.0;3500000.0;-16000000.0;198.5892684429638;264.0;554.0;-14.607513015236188
3.0;6.0;0.4;0.4;400.0;500.0;3.0;21.0;6.0;9.0;3500000.0;-16500000.0;173.2255754314281;269.0;549.0;-14.607513015236188
3.0;6.0;0.4;0.4;400.0;500.0;3.0;21.0;6.0;9.0;3500000.0;-17000000.0;184.71210087400138;270.0;560.0;-14.607513015236188
3.0;6.0;0.4;0.4;400.0;500.0;3.0;21.0;6.0;9.0;3500000.0;-17500000.0;192.2251749764036;267.0;549.0;-14.607513015236188
