SMA12_1;SMA12_2;PARAM12_1;PARAM12_2;PARAM12_3;PARAM12_4;SMA4_1;SMA4_2;SMA4_3;SMA4_4;PARAM4_1;PARAM4_2;Profit;Loss deals;Profit deals;Maximum loss in profit deals
3.0;6.0;0.4;0.4;400.0;500.0;3.0;21.0;12.0;13.0;500000.0;-1000000.0;135.15154119674258;301.0;617.0;-11.823576041444706
3.0;6.0;0.4;0.4;400.0;500.0;3.0;21.0;12.0;13.0;500000.0;-1500000.0;152.69755996404405;289.0;634.0;-11.823576041444706
3.0;6.0;0.4;0.4;400.0;500.0;3.0;21.0;12.0;13.0;500000.0;-2000000.0;190.130288893152;285.0;638.0;-11.823576041444706
3.0;6.0;0.4;0.4;400.0;500.0;3.0;21.0;12.0;13.0;500000.0;-2500000.0;201.34653188826138;291.0;680.0;-11.823576041444706
3.0;6.0;0.4;0.4;400.0;500.0;3.0;21.0;12.0;13.0;500000.0;-3000000.0;215.0085774371587;300.0;680.0;-11.823576041444706
3.0;6.0;0.4;0.4;400.0;500.0;3.0;21.0;12.0;13.0;500000.0;-3500000.0;204.91371172027903;291.0;705.0;-12.808219178082192
3.0;6.0;0.4;0.4;400.0;500.0;3.0;21.0;12.0;13.0;500000.0;-4000000.0;206.73872827911754;286.0;703.0;-12.808219178082192
3.0;6.0;0.4;0.4;400.0;500.0;3.0;21.0;12.0;13.0;500000.0;-4500000.0;196.54742727541782;288.0;698.0;-12.808219178082192
