SMA12_1;SMA12_2;PARAM12_1;PARAM12_2;PARAM12_3;PARAM12_4;SMA4_1;SMA4_2;SMA4_3;SMA4_4;PARAM4_1;PARAM4_2;Profit;Loss deals;Profit deals;Maximum loss in profit deals
3.0;6.0;0.4;0.4;400.0;500.0;3.0;21.0;3.0;4.0;2200000.0;-12000000.0;89.94644360620173;264.0;499.0;-12.808219178082192
3.0;6.0;0.4;0.4;400.0;500.0;3.0;21.0;3.0;4.0;2200000.0;-12500000.0;80.78370309819282;269.0;501.0;-12.808219178082192
3.0;6.0;0.4;0.4;400.0;500.0;3.0;21.0;3.0;4.0;2200000.0;-13000000.0;93.87439909073323;264.0;503.0;-12.808219178082192
3.0;6.0;0.4;0.4;400.0;500.0;3.0;21.0;3.0;4.0;2200000.0;-13500000.0;89.46569640906246;264.0;503.0;-12.808219178082192
3.0;6.0;0.4;0.4;400.0;500.0;3.0;21.0;3.0;4.0;2200000.0;-14000000.0;97.2078343082993;280.0;495.0;-12.808219178082192
