SMA12_1;SMA12_2;PARAM12_1;PARAM12_2;PARAM12_3;PARAM12_4;SMA4_1;SMA4_2;SMA4_3;SMA4_4;PARAM4_1;PARAM4_2;Profit;Loss deals;Profit deals;Maximum loss in profit deals
3.0;6.0;0.4;0.4;400.0;500.0;3.0;21.0;9.0;10.0;500000.0;-1000000.0;135.15498595288182;297.0;559.0;-11.823576041444706
3.0;6.0;0.4;0.4;400.0;500.0;3.0;21.0;9.0;10.0;500000.0;-1500000.0;141.301491074738;297.0;568.0;-11.823576041444706
3.0;6.0;0.4;0.4;400.0;500.0;3.0;21.0;9.0;10.0;500000.0;-2000000.0;137.13251087630172;289.0;562.0;-11.823576041444706
