SMA12_1;SMA12_2;PARAM12_1;PARAM12_2;PARAM12_3;PARAM12_4;SMA4_1;SMA4_2;SMA4_3;SMA4_4;Profit;Loss deals;Profit deals;Maximum loss in profit deals
3.0;6.0;0.2;0.6;200.0;100.0;3.0;6.0;3.0;12.0;59.4804710204019;522.0;1275.0;-13.451363322413233
3.0;6.0;0.2;0.6;200.0;100.0;3.0;9.0;3.0;12.0;55.46909233316562;516.0;1277.0;-13.451363322413233
3.0;6.0;0.2;0.6;200.0;100.0;3.0;12.0;3.0;12.0;-0.7712541367452825;516.0;1281.0;-13.451363322413233
