SMA12_1;SMA12_2;PARAM12_1;PARAM12_2;PARAM12_3;PARAM12_4;SMA4_1;SMA4_2;SMA4_3;SMA4_4;PARAM4_1;PARAM4_2;Profit;Loss deals;Profit deals;Maximum loss in profit deals
3.0;6.0;0.4;0.4;400.0;500.0;15.0;16.0;3.0;4.0;-1000000.0;100000.0;40.49592034811928;484.0;296.0;-6.86877794832614
3.0;6.0;0.4;0.4;400.0;500.0;15.0;16.0;3.0;6.0;-1000000.0;100000.0;-13.449637210141168;567.0;370.0;-4.937303613221951
3.0;6.0;0.4;0.4;400.0;500.0;15.0;16.0;3.0;8.0;-1000000.0;100000.0;-125.25064155463129;634.0;356.0;-4.937303613221951
3.0;6.0;0.4;0.4;400.0;500.0;15.0;16.0;3.0;10.0;-1000000.0;100000.0;-151.61539530893157;587.0;359.0;-4.937303613221951
3.0;6.0;0.4;0.4;400.0;500.0;15.0;16.0;3.0;12.0;-1000000.0;100000.0;-118.88712287823103;534.0;325.0;-4.80955089490502
