SMA12_1;SMA12_2;PARAM12_1;PARAM12_2;PARAM12_3;PARAM12_4;SMA4_1;SMA4_2;SMA4_3;SMA4_4;PARAM4_1;PARAM4_2;Profit;Loss deals;Profit deals;Maximum loss in profit deals
3.0;6.0;0.4;0.4;400.0;500.0;6.0;7.0;3.0;4.0;-1000000.0;100000.0;-125.96577545946835;485.0;326.0;-6.86877794832614
3.0;6.0;0.4;0.4;400.0;500.0;6.0;7.0;3.0;6.0;-1000000.0;100000.0;-235.09200251086295;608.0;505.0;-4.708068406051297
3.0;6.0;0.4;0.4;400.0;500.0;6.0;7.0;3.0;8.0;-1000000.0;100000.0;-269.68908565480126;563.0;566.0;-5.5886947034587475
