SMA12_1;SMA12_2;PARAM12_1;PARAM12_2;PARAM12_3;PARAM12_4;SMA4_1;SMA4_2;SMA4_3;SMA4_4;PARAM4_1;PARAM4_2;Profit;Loss deals;Profit deals;Maximum loss in profit deals
3.0;6.0;0.4;0.4;400.0;500.0;3.0;21.0;13.0;14.0;500000.0;-1000000.0;181.99966475232162;300.0;628.0;-9.041435735022432
3.0;6.0;0.4;0.4;400.0;500.0;3.0;21.0;13.0;14.0;500000.0;-1500000.0;200.45577747245397;302.0;650.0;-9.041435735022432
3.0;6.0;0.4;0.4;400.0;500.0;3.0;21.0;13.0;14.0;500000.0;-2000000.0;245.76375501135294;302.0;675.0;-9.041435735022432
3.0;6.0;0.4;0.4;400.0;500.0;3.0;21.0;13.0;14.0;500000.0;-2500000.0;206.50565368996757;306.0;682.0;-9.041435735022432
3.0;6.0;0.4;0.4;400.0;500.0;3.0;21.0;13.0;14.0;500000.0;-3000000.0;238.63489833489172;302.0;720.0;-12.808219178082192
3.0;6.0;0.4;0.4;400.0;500.0;3.0;21.0;13.0;14.0;500000.0;-3500000.0;241.1146845983215;299.0;735.0;-12.808219178082192
3.0;6.0;0.4;0.4;400.0;500.0;3.0;21.0;13.0;14.0;500000.0;-4000000.0;252.43779585243843;288.0;736.0;-12.808219178082192
