SMA12_1;SMA12_2;PARAM12_1;PARAM12_2;PARAM12_3;PARAM12_4;SMA4_1;SMA4_2;SMA4_3;SMA4_4;Profit;Loss deals;Profit deals;Maximum loss in profit deals
3.0;6.0;0.4;0.2;50.0;50.0;3.0;6.0;3.0;12.0;-3.108160817943176;558.0;1319.0;-13.451363322413233
3.0;6.0;0.4;0.2;50.0;50.0;3.0;9.0;3.0;12.0;1.18832218823828;526.0;1289.0;-13.451363322413233
3.0;6.0;0.4;0.2;50.0;50.0;3.0;12.0;3.0;12.0;28.140633549637958;575.0;1342.0;-13.451363322413233
3.0;6.0;0.4;0.2;50.0;50.0;3.0;15.0;3.0;12.0;40.138238842853134;585.0;1327.0;-12.328198564123351
