SMA12_1;SMA12_2;PARAM12_1;PARAM12_2;PARAM12_3;PARAM12_4;SMA4_1;SMA4_2;SMA4_3;SMA4_4;Profit;Loss deals;Profit deals;Maximum loss in profit deals
3.0;6.0;0.2;0.8;50.0;50.0;3.0;6.0;3.0;12.0;-10.829988902554042;461.0;1023.0;-13.451363322413233
3.0;6.0;0.2;0.8;50.0;50.0;3.0;9.0;3.0;12.0;-9.181848302144788;450.0;995.0;-18.712236499689343
