SMA12_1;SMA12_2;PARAM12_1;PARAM12_2;PARAM12_3;PARAM12_4;SMA4_1;SMA4_2;SMA4_3;SMA4_4;PARAM4_1;PARAM4_2;Profit;Loss deals;Profit deals;Maximum loss in profit deals
3.0;4.0;0.4;0.4;400.0;500.0;3.0;21.0;15.0;18.0;2100000.0;-4500000.0;208.9209081924324;450.0;853.0;-18.738146263059196
3.0;5.0;0.4;0.4;400.0;500.0;3.0;21.0;15.0;18.0;2100000.0;-4500000.0;279.1411907369166;493.0;884.0;-18.738146263059196
3.0;6.0;0.4;0.4;400.0;500.0;3.0;21.0;15.0;18.0;2100000.0;-4500000.0;290.969766802658;538.0;1006.0;-11.823576041444706
3.0;7.0;0.4;0.4;400.0;500.0;3.0;21.0;15.0;18.0;2100000.0;-4500000.0;239.03628540317615;507.0;976.0;-11.823576041444706
