SMA12_1;SMA12_2;PARAM12_1;PARAM12_2;PARAM12_3;PARAM12_4;SMA4_1;SMA4_2;SMA4_3;SMA4_4;PARAM4_1;PARAM4_2;Profit;Loss deals;Profit deals;Maximum loss in profit deals
3.0;4.0;0.4;0.4;400.0;500.0;3.0;21.0;15.0;18.0;2100000.0;-4500000.0;275.0256428588632;430.0;848.0;-18.738146263059196
3.0;5.0;0.4;0.4;400.0;500.0;3.0;21.0;15.0;18.0;2100000.0;-4500000.0;307.55674081373786;493.0;872.0;-18.738146263059196
3.0;6.0;0.4;0.4;400.0;500.0;3.0;21.0;15.0;18.0;2100000.0;-4500000.0;352.84440412594194;532.0;981.0;-11.823576041444706
3.0;7.0;0.4;0.4;400.0;500.0;3.0;21.0;15.0;18.0;2100000.0;-4500000.0;295.2010973402091;509.0;962.0;-11.823576041444706
3.0;8.0;0.4;0.4;400.0;500.0;3.0;21.0;15.0;18.0;2100000.0;-4500000.0;186.9931619385469;526.0;994.0;-11.823576041444706
3.0;9.0;0.4;0.4;400.0;500.0;3.0;21.0;15.0;18.0;2100000.0;-4500000.0;174.22919356020898;564.0;1070.0;-11.823576041444706
3.0;10.0;0.4;0.4;400.0;500.0;3.0;21.0;15.0;18.0;2100000.0;-4500000.0;144.45709003865383;647.0;1085.0;-9.66684284042433
3.0;11.0;0.4;0.4;400.0;500.0;3.0;21.0;15.0;18.0;2100000.0;-4500000.0;90.57782054894903;655.0;1116.0;-11.823576041444706
3.0;12.0;0.4;0.4;400.0;500.0;3.0;21.0;15.0;18.0;2100000.0;-4500000.0;97.7176561840841;685.0;1182.0;-11.823576041444706
