SMA12_1;SMA12_2;PARAM12_1;PARAM12_2;PARAM12_3;PARAM12_4;SMA4_1;SMA4_2;SMA4_3;SMA4_4;Profit;Loss deals;Profit deals;Maximum loss in profit deals
3.0;6.0;0.2;0.6;50.0;50.0;3.0;6.0;3.0;12.0;19.28559529728101;521.0;1184.0;-13.451363322413233
3.0;6.0;0.2;0.6;50.0;50.0;3.0;9.0;3.0;12.0;4.70282505252071;507.0;1118.0;-18.712236499689343
