SMA12_1;SMA12_2;PARAM12_1;PARAM12_2;PARAM12_3;PARAM12_4;SMA4_1;SMA4_2;SMA4_3;SMA4_4;LOP;LCL;Profit;Loss deals;Profit deals;Maximum loss in profit deals
15.0;23.0;0.8;0.6;850.0;50.0;5.0;6.0;17.0;18.0;3300000.0;-18500000.0;25.493170923691892;678.0;4486.0;-11.823576041444706
